{
    "Ar36": {
        "error": 0.00095554853574155601, 
        "fit": "Parabolic", 
        "value": 0.0012415459883292472
    }, 
    "Ar37": {
        "error": 0.11225287686233336, 
        "fit": "linear", 
        "value": -0.0016145440675737835
    }, 
    "Ar38": {
        "error": 0.10338672120252936, 
        "fit": "linear", 
        "value": -0.096698087182115172
    }, 
    "Ar39": {
        "error": 0.054462371407683938, 
        "fit": "Parabolic", 
        "value": -0.088702819327803842
    }, 
    "Ar40": {
        "error": 0.11326587803521926, 
        "fit": "Parabolic", 
        "value": 0.11104406527911914
    }, 
    "Ar41": {
        "error": 0.1159907140428577, 
        "fit": "linear", 
        "value": -0.02843028842849453
    }
}