{
    "AX": {
        "error": 0.04978744475344226, 
        "fit": "average", 
        "value": -0.08987229062531274
    }, 
    "CDD": {
        "error": 7.868128534857828e-05, 
        "fit": "average", 
        "value": 4.0745455771684645e-05
    }, 
    "H1": {
        "error": 0.10092172379794793, 
        "fit": "average", 
        "value": 0.0036312457681729983
    }, 
    "H2": {
        "error": 0.0946080424792755, 
        "fit": "average", 
        "value": -0.02378949560114138
    }, 
    "L1": {
        "error": 0.087662498094983, 
        "fit": "average", 
        "value": -0.09672920842216734
    }, 
    "L2": {
        "error": 0.10613208160819766, 
        "fit": "average", 
        "value": -0.012182062663052273
    }
}