{
    "AX": {
        "error": 0.05573212871948372, 
        "fit": "average", 
        "value": -0.08960069465483057
    }, 
    "CDD": {
        "error": 0.00013331563695592836, 
        "fit": "average", 
        "value": 0.0001235096628079191
    }, 
    "H1": {
        "error": 0.09947064156117198, 
        "fit": "average", 
        "value": 0.047288113916975225
    }, 
    "H2": {
        "error": 0.09216350078544215, 
        "fit": "average", 
        "value": -0.028908556771626615
    }, 
    "L1": {
        "error": 0.09113229148773694, 
        "fit": "average", 
        "value": -0.09448478327606592
    }, 
    "L2": {
        "error": 0.11830240961334634, 
        "fit": "average", 
        "value": 0.001817919388886983
    }
}