{
    "AX": {
        "error": 0.04423649062737622, 
        "fit": "average", 
        "value": -0.09900873704208878
    }, 
    "CDD": {
        "error": 0.00025983347628654683, 
        "fit": "average", 
        "value": 0.00036288922225746013
    }, 
    "H1": {
        "error": 0.099097317733593, 
        "fit": "average", 
        "value": 0.07008711647890184
    }, 
    "H2": {
        "error": 0.09209616043802626, 
        "fit": "average", 
        "value": -0.014890127248414185
    }, 
    "L1": {
        "error": 0.09992011177665984, 
        "fit": "average", 
        "value": -0.09873777008241243
    }, 
    "L2": {
        "error": 0.11583853737261039, 
        "fit": "average", 
        "value": 0.007951709665137278
    }
}