{
    "Ar36": {
        "error": 0.028459312055168204, 
        "fit": "Parabolic", 
        "value": 7.2938796728226967
    }, 
    "Ar37": {
        "error": 0.13808323403278749, 
        "fit": "linear", 
        "value": 39.396987725756247
    }, 
    "Ar38": {
        "error": 0.098307398383266839, 
        "fit": "linear", 
        "value": 3.95416929170191
    }, 
    "Ar39": {
        "error": 0.080548671971300084, 
        "fit": "Parabolic", 
        "value": 81.743104703745985
    }, 
    "Ar40": {
        "error": 0.50670328732361358, 
        "fit": "Parabolic", 
        "value": 2247.6483052651861
    }, 
    "Ar41": {
        "error": 0.10435969019325728, 
        "fit": "linear", 
        "value": 0.075965427900731797
    }
}